{
  "checkpoint": "./outputs_pi/pi05_primary_30k/020000/pretrained_model",
  "dataset": "deepansh-methdai/single_arm_dual_cam",
  "n_episodes": 10,
  "n_timesteps": 6619,
  "metrics": {
    "action_names": [
      "kRightShoulderPitch",
      "kRightShoulderRoll",
      "kRightShoulderYaw",
      "kRightElbow",
      "kRightWristRoll",
      "kRightWristPitch",
      "kRightWristYaw",
      "kRightGripper"
    ],
    "mae_per_joint": [
      0.13664519786834717,
      0.05089185759425163,
      0.07725322991609573,
      0.1651766300201416,
      0.087962806224823,
      0.11611367017030716,
      0.08097304403781891,
      0.19215631484985352
    ],
    "mse_per_joint": [
      0.041090305894613266,
      0.0053878044709563255,
      0.011579669080674648,
      0.062159501016139984,
      0.014904513955116272,
      0.024034185335040092,
      0.011695356108248234,
      0.07003375887870789
    ],
    "rmse_per_joint": [
      0.20270743916939327,
      0.07340166531459845,
      0.1076088708270589,
      0.24931807198063277,
      0.12208404463776694,
      0.1550296272814977,
      0.10814506973620311,
      0.2646389217003196
    ],
    "mae_overall": 0.11339659383520484,
    "mse_overall": 0.03011063684243709,
    "rmse_overall": 0.17352416789149888
  }
}