{
  "checkpoint": "./outputs_pi/pi05_primary_30k/030000/pretrained_model",
  "dataset": "deepansh-methdai/single_arm_dual_cam",
  "n_episodes": 10,
  "n_timesteps": 6619,
  "metrics": {
    "action_names": [
      "kRightShoulderPitch",
      "kRightShoulderRoll",
      "kRightShoulderYaw",
      "kRightElbow",
      "kRightWristRoll",
      "kRightWristPitch",
      "kRightWristYaw",
      "kRightGripper"
    ],
    "mae_per_joint": [
      0.03485183045268059,
      0.017031686380505562,
      0.02277817204594612,
      0.04201269522309303,
      0.030118493363261223,
      0.037672244012355804,
      0.03561735898256302,
      0.029379496350884438
    ],
    "mse_per_joint": [
      0.0025494168512523174,
      0.000564531481359154,
      0.0009851244976744056,
      0.003855812828987837,
      0.002024902729317546,
      0.0026791286654770374,
      0.0022998133208602667,
      0.003592242021113634
    ],
    "rmse_per_joint": [
      0.05049175032866574,
      0.023759871240374052,
      0.0313866930031567,
      0.062095191673654064,
      0.04499891920166023,
      0.05176030009067797,
      0.04795636892906162,
      0.05993531530836919
    ],
    "mae_overall": 0.031182747101411223,
    "mse_overall": 0.0023188715495052747,
    "rmse_overall": 0.04815466280128306
  }
}