{
  "checkpoint": "./outputs_pi/pi05_primary_30k/030000/pretrained_model",
  "dataset": "deepansh-methdai/single_arm_dual_cam",
  "n_episodes": 10,
  "n_timesteps": 6619,
  "metrics": {
    "action_names": [
      "kRightShoulderPitch",
      "kRightShoulderRoll",
      "kRightShoulderYaw",
      "kRightElbow",
      "kRightWristRoll",
      "kRightWristPitch",
      "kRightWristYaw",
      "kRightGripper"
    ],
    "mae_per_joint": [
      0.13350209593772888,
      0.04560888186097145,
      0.07598750293254852,
      0.15692010521888733,
      0.08682382106781006,
      0.11143167316913605,
      0.07931642234325409,
      0.19249148666858673
    ],
    "mse_per_joint": [
      0.03913935273885727,
      0.0043450030498206615,
      0.011068722233176231,
      0.055440034717321396,
      0.014856171794235706,
      0.023983178660273552,
      0.011894870549440384,
      0.07125994563102722
    ],
    "rmse_per_joint": [
      0.19783668198505874,
      0.06591663712463389,
      0.10520799510101991,
      0.2354570761674437,
      0.12188589661743358,
      0.1548650336915133,
      0.10906360781415762,
      0.266945585524517
    ],
    "mae_overall": 0.11026024864986539,
    "mse_overall": 0.028998409921769053,
    "rmse_overall": 0.17028919496482756
  }
}