{
  "checkpoint": "./outputs_pi/pi05_expert_only_20k/020000/pretrained_model",
  "dataset": "deepansh-methdai/single_arm_dual_cam",
  "n_episodes": 10,
  "n_timesteps": 6619,
  "metrics": {
    "action_names": [
      "kRightShoulderPitch",
      "kRightShoulderRoll",
      "kRightShoulderYaw",
      "kRightElbow",
      "kRightWristRoll",
      "kRightWristPitch",
      "kRightWristYaw",
      "kRightGripper"
    ],
    "mae_per_joint": [
      0.06421219557523727,
      0.03430400416254997,
      0.03772996738553047,
      0.08492901921272278,
      0.04787040501832962,
      0.068750761449337,
      0.06821349263191223,
      0.07838816195726395
    ],
    "mse_per_joint": [
      0.009036718867719173,
      0.002338383113965392,
      0.0026983125135302544,
      0.015398222953081131,
      0.0050817448645830154,
      0.009013941511511803,
      0.009172131307423115,
      0.018269537016749382
    ],
    "rmse_per_joint": [
      0.09506165824200193,
      0.04835683109929136,
      0.051945283843004016,
      0.12408957632726905,
      0.07128635819413849,
      0.09494177958892387,
      0.095771244679304,
      0.1351648512622619
    ],
    "mae_overall": 0.06054975092411041,
    "mse_overall": 0.008876124018570408,
    "rmse_overall": 0.09421318388936024
  }
}