{
  "checkpoint": "./outputs_pi/pi05_expert_only_20k/020000/pretrained_model",
  "dataset": "deepansh-methdai/single_arm_dual_cam",
  "n_episodes": 10,
  "n_timesteps": 6619,
  "metrics": {
    "action_names": [
      "kRightShoulderPitch",
      "kRightShoulderRoll",
      "kRightShoulderYaw",
      "kRightElbow",
      "kRightWristRoll",
      "kRightWristPitch",
      "kRightWristYaw",
      "kRightGripper"
    ],
    "mae_per_joint": [
      0.15924058854579926,
      0.052725180983543396,
      0.07189308106899261,
      0.17566624283790588,
      0.0996202751994133,
      0.1033414751291275,
      0.09897319227457047,
      0.12850093841552734
    ],
    "mse_per_joint": [
      0.05489194393157959,
      0.0056776562705636024,
      0.01077460777014494,
      0.07082938402891159,
      0.0224134661257267,
      0.020265113562345505,
      0.020130302757024765,
      0.0439118966460228
    ],
    "rmse_per_joint": [
      0.23429029841540513,
      0.07535022409099791,
      0.10380080813820738,
      0.26613790415668265,
      0.1497112758803648,
      0.14235558844789165,
      0.14188129812284903,
      0.20955165627124686
    ],
    "mae_overall": 0.11124512180685997,
    "mse_overall": 0.031111796386539936,
    "rmse_overall": 0.17638536330018978
  }
}