{
  "checkpoint": "./outputs_pi/pi05_primary_30k/020000/pretrained_model",
  "dataset": "deepansh-methdai/single_arm_dual_cam",
  "n_episodes": 10,
  "n_timesteps": 6619,
  "metrics": {
    "action_names": [
      "kRightShoulderPitch",
      "kRightShoulderRoll",
      "kRightShoulderYaw",
      "kRightElbow",
      "kRightWristRoll",
      "kRightWristPitch",
      "kRightWristYaw",
      "kRightGripper"
    ],
    "mae_per_joint": [
      0.03570431470870972,
      0.01648843102157116,
      0.021416138857603073,
      0.04668256640434265,
      0.03126128762960434,
      0.04023291915655136,
      0.03674929961562157,
      0.03049195185303688
    ],
    "mse_per_joint": [
      0.0025573617313057184,
      0.0005435698549263179,
      0.0008462192490696907,
      0.004448464140295982,
      0.00213349936529994,
      0.0031559152994304895,
      0.0026547249872237444,
      0.0036493961233645678
    ],
    "rmse_per_joint": [
      0.050570364160303596,
      0.023314584596906673,
      0.02908984786948345,
      0.06669680757199689,
      0.04618981884896216,
      0.05617753376066352,
      0.05152402339902955,
      0.06041023194264832
    ],
    "mae_overall": 0.032378363655880094,
    "mse_overall": 0.0024986438438645564,
    "rmse_overall": 0.04998643659898709
  }
}