{
  "checkpoint": "./outputs_pi/pi05_primary_30k/010000/pretrained_model",
  "dataset": "deepansh-methdai/single_arm_dual_cam",
  "n_episodes": 10,
  "n_timesteps": 6619,
  "metrics": {
    "action_names": [
      "kRightShoulderPitch",
      "kRightShoulderRoll",
      "kRightShoulderYaw",
      "kRightElbow",
      "kRightWristRoll",
      "kRightWristPitch",
      "kRightWristYaw",
      "kRightGripper"
    ],
    "mae_per_joint": [
      0.044952407479286194,
      0.022268539294600487,
      0.027273528277873993,
      0.061007533222436905,
      0.040872737765312195,
      0.050920937210321426,
      0.05096418410539627,
      0.05001377686858177
    ],
    "mse_per_joint": [
      0.003998918924480677,
      0.0009609286789782345,
      0.0013784163165837526,
      0.0077932109124958515,
      0.003581985365599394,
      0.0053907595574855804,
      0.004507905803620815,
      0.009573977440595627
    ],
    "rmse_per_joint": [
      0.06323700597340672,
      0.03099884963959525,
      0.03712702946080864,
      0.08827916465676287,
      0.059849689770285305,
      0.07342179211573074,
      0.06714093984761321,
      0.09784670377992111
    ],
    "mae_overall": 0.043534205527976155,
    "mse_overall": 0.0046482628749799915,
    "rmse_overall": 0.06817817007649876
  }
}