{
  "checkpoint": "./outputs_pi/pi05_primary_30k/010000/pretrained_model",
  "dataset": "deepansh-methdai/single_arm_dual_cam",
  "n_episodes": 10,
  "n_timesteps": 6619,
  "metrics": {
    "action_names": [
      "kRightShoulderPitch",
      "kRightShoulderRoll",
      "kRightShoulderYaw",
      "kRightElbow",
      "kRightWristRoll",
      "kRightWristPitch",
      "kRightWristYaw",
      "kRightGripper"
    ],
    "mae_per_joint": [
      0.12632641196250916,
      0.05036138370633125,
      0.07038334757089615,
      0.16639721393585205,
      0.08760278671979904,
      0.11839242279529572,
      0.09513639658689499,
      0.20490792393684387
    ],
    "mse_per_joint": [
      0.036800939589738846,
      0.005063612014055252,
      0.009627209976315498,
      0.06310775876045227,
      0.016729697585105896,
      0.026455998420715332,
      0.016757819801568985,
      0.08009779453277588
    ],
    "rmse_per_joint": [
      0.19183570989192508,
      0.07115906136294416,
      0.09811834678751725,
      0.2512125768357394,
      0.12934333220195735,
      0.16265300003601327,
      0.1294519980593926,
      0.28301553761724085
    ],
    "mae_overall": 0.11493848590180278,
    "mse_overall": 0.031830103835090995,
    "rmse_overall": 0.1784099319967669
  }
}