{
  "checkpoint": "./outputs_pi/pi05_primary_30k/020000/pretrained_model",
  "dataset": "deepansh-methdai/single_arm_dual_cam",
  "n_episodes": 10,
  "n_timesteps": 6619,
  "metrics": {
    "action_names": [
      "kRightShoulderPitch",
      "kRightShoulderRoll",
      "kRightShoulderYaw",
      "kRightElbow",
      "kRightWristRoll",
      "kRightWristPitch",
      "kRightWristYaw",
      "kRightGripper"
    ],
    "mae_per_joint": [
      0.13269808888435364,
      0.04964153841137886,
      0.07663135230541229,
      0.16205935180187225,
      0.08340573310852051,
      0.1108250692486763,
      0.08020639419555664,
      0.19230325520038605
    ],
    "mse_per_joint": [
      0.037352804094552994,
      0.004925916902720928,
      0.011954435147345066,
      0.05689219385385513,
      0.014649653807282448,
      0.023065626621246338,
      0.01224112045019865,
      0.07119807600975037
    ],
    "rmse_per_joint": [
      0.19326873542959036,
      0.07018487659546697,
      0.10933633955526893,
      0.23852084574278856,
      0.12103575425171872,
      0.15187371932380644,
      0.11063959711693934,
      0.26682967602901736
    ],
    "mae_overall": 0.11097134789451957,
    "mse_overall": 0.02903497836086899,
    "rmse_overall": 0.17039653271375269
  }
}