{
  "checkpoint": "./outputs_pi/pi05_primary_30k/020000/pretrained_model",
  "dataset": "deepansh-methdai/single_arm_dual_cam",
  "n_episodes": 10,
  "n_timesteps": 6619,
  "metrics": {
    "action_names": [
      "kRightShoulderPitch",
      "kRightShoulderRoll",
      "kRightShoulderYaw",
      "kRightElbow",
      "kRightWristRoll",
      "kRightWristPitch",
      "kRightWristYaw",
      "kRightGripper"
    ],
    "mae_per_joint": [
      0.03510880842804909,
      0.015765460208058357,
      0.022728750482201576,
      0.045628342777490616,
      0.03043622151017189,
      0.03938961774110794,
      0.036627285182476044,
      0.03297147527337074
    ],
    "mse_per_joint": [
      0.002289814641699195,
      0.00045577320270240307,
      0.001030710176564753,
      0.004199787508696318,
      0.0022088889963924885,
      0.0029424591921269894,
      0.0024301635567098856,
      0.0047706300392746925
    ],
    "rmse_per_joint": [
      0.047852007708132735,
      0.02134884546532676,
      0.03210467530695106,
      0.06480576755734259,
      0.04699881909572291,
      0.05424443927378169,
      0.04929668910494787,
      0.06906974764160277
    ],
    "mae_overall": 0.03233199520036578,
    "mse_overall": 0.0025410284142708406,
    "rmse_overall": 0.05040861448473704
  }
}