{
  "checkpoint": "./outputs_pi/pi05_primary_30k/020000/pretrained_model",
  "dataset": "deepansh-methdai/single_arm_dual_cam",
  "n_episodes": 10,
  "n_timesteps": 6619,
  "metrics": {
    "action_names": [
      "kRightShoulderPitch",
      "kRightShoulderRoll",
      "kRightShoulderYaw",
      "kRightElbow",
      "kRightWristRoll",
      "kRightWristPitch",
      "kRightWristYaw",
      "kRightGripper"
    ],
    "mae_per_joint": [
      0.037738531827926636,
      0.017352744936943054,
      0.023159485310316086,
      0.048039522022008896,
      0.03197057172656059,
      0.039940327405929565,
      0.039846133440732956,
      0.032769955694675446
    ],
    "mse_per_joint": [
      0.0028749306220561266,
      0.0006125639192759991,
      0.001080979942344129,
      0.005056570749729872,
      0.0024388828314840794,
      0.003019736846908927,
      0.0029571084305644035,
      0.004530252423137426
    ],
    "rmse_per_joint": [
      0.05361837951725254,
      0.024750028672225796,
      0.032878259417799614,
      0.07110956862286448,
      0.04938504663847225,
      0.0549521323235862,
      0.05437930149022147,
      0.06730714986639552
    ],
    "mae_overall": 0.033852159045636654,
    "mse_overall": 0.0028213782206876203,
    "rmse_overall": 0.053116647302777126
  }
}