{
  "checkpoint": "./outputs_pi/pi05_primary_30k/020000/pretrained_model",
  "dataset": "deepansh-methdai/single_arm_dual_cam",
  "n_episodes": 10,
  "n_timesteps": 6619,
  "metrics": {
    "action_names": [
      "kRightShoulderPitch",
      "kRightShoulderRoll",
      "kRightShoulderYaw",
      "kRightElbow",
      "kRightWristRoll",
      "kRightWristPitch",
      "kRightWristYaw",
      "kRightGripper"
    ],
    "mae_per_joint": [
      0.13517969846725464,
      0.04916816204786301,
      0.0778006836771965,
      0.15574273467063904,
      0.08733607828617096,
      0.11562878638505936,
      0.08164756745100021,
      0.19098696112632751
    ],
    "mse_per_joint": [
      0.038855355232954025,
      0.004909838549792767,
      0.01187338400632143,
      0.05559151619672775,
      0.015742123126983643,
      0.02402382344007492,
      0.012090643867850304,
      0.07127972692251205
    ],
    "rmse_per_joint": [
      0.19711761776399903,
      0.07007024011513566,
      0.1089650586487312,
      0.2357785320946921,
      0.12546761784214938,
      0.154996204598935,
      0.1099574639024123,
      0.26698263412160733
    ],
    "mae_overall": 0.1116863340139389,
    "mse_overall": 0.029295801417902112,
    "rmse_overall": 0.17116016305759385
  }
}