{
  "checkpoint": "./outputs_pi/pi05_unfrozen_vision_20k/020000/pretrained_model",
  "dataset": "deepansh-methdai/single_arm_dual_cam",
  "n_episodes": 10,
  "n_timesteps": 6619,
  "metrics": {
    "action_names": [
      "kRightShoulderPitch",
      "kRightShoulderRoll",
      "kRightShoulderYaw",
      "kRightElbow",
      "kRightWristRoll",
      "kRightWristPitch",
      "kRightWristYaw",
      "kRightGripper"
    ],
    "mae_per_joint": [
      0.03443077579140663,
      0.016716280952095985,
      0.022725893184542656,
      0.04554414004087448,
      0.031871095299720764,
      0.03996814042329788,
      0.03919941931962967,
      0.03190039098262787
    ],
    "mse_per_joint": [
      0.002261915011331439,
      0.00048144892207346857,
      0.0009486166527494788,
      0.004150901921093464,
      0.002173667773604393,
      0.002993963658809662,
      0.0030353728216141462,
      0.004442377481609583
    ],
    "rmse_per_joint": [
      0.04755959431420162,
      0.021941944354898647,
      0.030799620983860805,
      0.06442749351863274,
      0.04662261011145121,
      0.05471712399980158,
      0.055094217678574454,
      0.06665116264259449
    ],
    "mae_overall": 0.03279451699927449,
    "mse_overall": 0.0025610330303607043,
    "rmse_overall": 0.05060665006064622
  }
}